,Index,Param,Depth,AvgWinter
0,vosaline-03,vosaline,3.0,16.646217191231273
1,vosaline-12,vosaline,12.0,16.861481392839416
2,vosaline-25,vosaline,25.0,18.913578047748125
3,votemper-03,votemper,3.0,-0.8587196550636704
4,votemper-12,votemper,12.0,-0.7047231350234082
5,votemper-25,votemper,25.0,0.047477678555945695
