,Index,Param,Depth,AvgWinter
0,vosaline-03,vosaline,3.0,25.407033401032304
1,vosaline-12,vosaline,12.0,25.93197319215122
2,vosaline-25,vosaline,25.0,28.355341993883428
3,vosaline-47,vosaline,47.0,32.189142712991575
4,votemper-03,votemper,3.0,-1.3302797855416666
5,votemper-12,votemper,12.0,-1.204829777949204
6,votemper-25,votemper,25.0,-0.6016482665610955
7,votemper-47,votemper,47.0,-0.2674359901860955
