,Index,Param,Depth,AvgWinter
0,vosaline-03,vosaline,3.0,25.841823494435346
1,vosaline-12,vosaline,12.0,27.47652922769197
2,vosaline-25,vosaline,25.0,29.476589288002
3,votemper-03,votemper,3.0,-1.3325344513672244
4,votemper-12,votemper,12.0,-1.0831307088243627
5,votemper-25,votemper,25.0,-0.6464032146516671
