,Index,Param,Depth,AvgWinter
0,vosaline-03,vosaline,3.0,31.068292098545566
1,vosaline-12,vosaline,12.0,31.075545101002657
2,vosaline-25,vosaline,25.0,31.155644496292133
3,vosaline-47,vosaline,47.0,32.82350806296895
4,votemper-03,votemper,3.0,-1.592045186135612
5,votemper-12,votemper,12.0,-1.5902683777759832
6,votemper-25,votemper,25.0,-1.396206258150515
7,votemper-47,votemper,47.0,0.4974086585611735
