,Index,Param,Depth,AvgWinter
0,vosaline-03,vosaline,3.0,28.13051427767015
1,vosaline-12,vosaline,12.0,28.82909300832219
2,vosaline-25,vosaline,25.0,29.995820787491933
3,votemper-03,votemper,3.0,-1.4813735746327268
4,votemper-12,votemper,12.0,-1.3709748882281414
5,votemper-25,votemper,25.0,-0.929452026405562
